code,old_name,name,status,reason
FY.AN.001,,Gato,named,"Nombre descriptivo de la figura y sus elementos visibles; sin atribución de marca, etnia ni personaje."
FY.AN.002,,Gallina,named,"Nombre descriptivo de la figura y sus elementos visibles; sin atribución de marca, etnia ni personaje."
FY.AN.003,,Perro,named,"Nombre descriptivo de la figura y sus elementos visibles; sin atribución de marca, etnia ni personaje."
FY.AN.004,,Caballo,named,"Nombre descriptivo de la figura y sus elementos visibles; sin atribución de marca, etnia ni personaje."
FY.AN.005,,Pato,named,"Nombre descriptivo de la figura y sus elementos visibles; sin atribución de marca, etnia ni personaje."
FY.AN.006,,Pato sentado,named,"Nombre descriptivo de la figura y sus elementos visibles; sin atribución de marca, etnia ni personaje."
FY.AN.007,,Roedor,named,"Nombre descriptivo de la figura y sus elementos visibles; sin atribución de marca, etnia ni personaje."
FY.AN.008,,Capibara con bebida,named,"Nombre descriptivo de la figura y sus elementos visibles; sin atribución de marca, etnia ni personaje."
FY.AN.009,,Capibara con sandía,named,"Nombre descriptivo de la figura y sus elementos visibles; sin atribución de marca, etnia ni personaje."
FY.AN.010,,Caracol,named,"Nombre descriptivo de la figura y sus elementos visibles; sin atribución de marca, etnia ni personaje."
FY.AN.011,,Cocodrilo,named,"Nombre descriptivo de la figura y sus elementos visibles; sin atribución de marca, etnia ni personaje."
FY.AN.012,,Elefante,named,"Nombre descriptivo de la figura y sus elementos visibles; sin atribución de marca, etnia ni personaje."
FY.AN.013,,Oruga,named,"Nombre descriptivo de la figura y sus elementos visibles; sin atribución de marca, etnia ni personaje."
FY.AN.014,,Ardilla,named,"Nombre descriptivo de la figura y sus elementos visibles; sin atribución de marca, etnia ni personaje."
FY.AN.015,,Hormiga,named,"Nombre descriptivo de la figura y sus elementos visibles; sin atribución de marca, etnia ni personaje."
FY.AN.016,,Jirafa,named,"Nombre descriptivo de la figura y sus elementos visibles; sin atribución de marca, etnia ni personaje."
FY.AN.017,,León,named,"Nombre descriptivo de la figura y sus elementos visibles; sin atribución de marca, etnia ni personaje."
FY.AN.018,,Mariposa,named,"Nombre descriptivo de la figura y sus elementos visibles; sin atribución de marca, etnia ni personaje."
FY.AN.019,,Mariquita,named,"Nombre descriptivo de la figura y sus elementos visibles; sin atribución de marca, etnia ni personaje."
FY.AN.020,,Mono,named,"Nombre descriptivo de la figura y sus elementos visibles; sin atribución de marca, etnia ni personaje."
FY.AN.021,,Oso saludando,named,"Nombre descriptivo de la figura y sus elementos visibles; sin atribución de marca, etnia ni personaje."
FY.AN.022,,Oso sentado,named,"Nombre descriptivo de la figura y sus elementos visibles; sin atribución de marca, etnia ni personaje."
FY.AN.023,,Panda,named,"Nombre descriptivo de la figura y sus elementos visibles; sin atribución de marca, etnia ni personaje."
FY.AN.024,,Pelícano,named,"Nombre descriptivo de la figura y sus elementos visibles; sin atribución de marca, etnia ni personaje."
FY.AN.025,,Pollito,named,"Nombre descriptivo de la figura y sus elementos visibles; sin atribución de marca, etnia ni personaje."
FY.AN.026,,Insecto verde,named,"Nombre descriptivo de la figura y sus elementos visibles; sin atribución de marca, etnia ni personaje."
FY.AN.027,,Rana,named,"Nombre descriptivo de la figura y sus elementos visibles; sin atribución de marca, etnia ni personaje."
FY.AN.028,,Serpiente,named,"Nombre descriptivo de la figura y sus elementos visibles; sin atribución de marca, etnia ni personaje."
FY.AN.029,,Tortuga,named,"Nombre descriptivo de la figura y sus elementos visibles; sin atribución de marca, etnia ni personaje."
FY.AN.030,,Tigre,named,"Nombre descriptivo de la figura y sus elementos visibles; sin atribución de marca, etnia ni personaje."
FY.AN.031,,Cebra,named,"Nombre descriptivo de la figura y sus elementos visibles; sin atribución de marca, etnia ni personaje."
FY.AN.032,,Vaca,named,"Nombre descriptivo de la figura y sus elementos visibles; sin atribución de marca, etnia ni personaje."
FY.AN.033,,Loro,named,"Nombre descriptivo de la figura y sus elementos visibles; sin atribución de marca, etnia ni personaje."
FY.AN.034,,Dinosaurio,named,"Nombre descriptivo de la figura y sus elementos visibles; sin atribución de marca, etnia ni personaje."
FY.AN.035,,Unicornio,named,"Nombre descriptivo de la figura y sus elementos visibles; sin atribución de marca, etnia ni personaje."
FY.AN.036,,Cerdo,named,"Nombre descriptivo de la figura y sus elementos visibles; sin atribución de marca, etnia ni personaje."
FY.AN.037,,Paloma,named,"Nombre descriptivo de la figura y sus elementos visibles; sin atribución de marca, etnia ni personaje."
FY.AN.038,,Conejo,named,"Nombre descriptivo de la figura y sus elementos visibles; sin atribución de marca, etnia ni personaje."
FY.CD.001,,Niño con bastón y gafas,named,"Nombre descriptivo de la figura y sus elementos visibles; sin atribución de marca, etnia ni personaje."
FY.CAR.001,,Bienvenidos al año lectivo,named,"Nombre descriptivo de la figura y sus elementos visibles; sin atribución de marca, etnia ni personaje."
FY.CAR.002,,Banderín de bienvenida,named,"Nombre descriptivo de la figura y sus elementos visibles; sin atribución de marca, etnia ni personaje."
FY.CAR.003,,Bienvenidos al nuevo año lectivo,named,"Nombre descriptivo de la figura y sus elementos visibles; sin atribución de marca, etnia ni personaje."
FY.CAR.004,,Bienvenida con nombre de profesora,named,"Nombre descriptivo de la figura y sus elementos visibles; sin atribución de marca, etnia ni personaje."
FY.CAR.005,,Banderín con nombre de profesora,named,"Nombre descriptivo de la figura y sus elementos visibles; sin atribución de marca, etnia ni personaje."
FY.CH.001,Digestivo,Digestivo,retained,Nombre previo compatible con la imagen.
FY.CH.002,Circulatorio,Circulatorio,retained,Nombre previo compatible con la imagen.
FY.CH.003,Endocrino,Sistema urinario,corrected,"El rótulo Endocrino contradice los riñones, uréteres y vejiga visibles. Se corrige a Sistema urinario."
FY.CH.004,Nervioso,Nervioso,retained,Nombre previo compatible con la imagen.
FY.CH.005,Respiratorio,Respiratorio,retained,Nombre previo compatible con la imagen.
FY.CH.006,Reproductor femenino,Reproductor femenino,retained,Nombre previo compatible con la imagen.
FY.CH.007,Reproductor masculino,Reproductor masculino,retained,Nombre previo compatible con la imagen.
FY.CH.008,,Esqueleto humano,named,"Nombre descriptivo de la figura y sus elementos visibles; sin atribución de marca, etnia ni personaje."
FY.CH.009,,Cerebro,named,"Nombre descriptivo de la figura y sus elementos visibles; sin atribución de marca, etnia ni personaje."
FY.CH.010,,Corazón humano,named,"Nombre descriptivo de la figura y sus elementos visibles; sin atribución de marca, etnia ni personaje."
FY.CH.011,Célula animal,Célula animal,retained,Nombre previo compatible con la imagen.
FY.CH.012,Célula procariota,Célula procariota,retained,Nombre previo compatible con la imagen.
FY.CH.013,Célula vegetal,Célula vegetal,retained,Nombre previo compatible con la imagen.
FY.ER.001,,Pareja con tocados de plumas,named,"Nombre descriptivo de la figura y sus elementos visibles; sin atribución de marca, etnia ni personaje."
FY.ER.002,,Pareja con pañuelo y falda,named,"Nombre descriptivo de la figura y sus elementos visibles; sin atribución de marca, etnia ni personaje."
FY.ER.003,,Pareja con sombreros,named,"Nombre descriptivo de la figura y sus elementos visibles; sin atribución de marca, etnia ni personaje."
FY.ER.004,,Pareja con pañuelos amarillos,named,"Nombre descriptivo de la figura y sus elementos visibles; sin atribución de marca, etnia ni personaje."
FY.IM.001,,Bajo eléctrico,named,"Nombre descriptivo de la figura y sus elementos visibles; sin atribución de marca, etnia ni personaje."
FY.IM.002,,Guitarra,named,"Nombre descriptivo de la figura y sus elementos visibles; sin atribución de marca, etnia ni personaje."
FY.IM.003,,Maracas,named,"Nombre descriptivo de la figura y sus elementos visibles; sin atribución de marca, etnia ni personaje."
FY.IM.004,,Saxofón,named,"Nombre descriptivo de la figura y sus elementos visibles; sin atribución de marca, etnia ni personaje."
FY.IM.005,,Tambor,named,"Nombre descriptivo de la figura y sus elementos visibles; sin atribución de marca, etnia ni personaje."
FY.IM.006,,Violín,named,"Nombre descriptivo de la figura y sus elementos visibles; sin atribución de marca, etnia ni personaje."
FY.IM.007,,Arpa,named,"Nombre descriptivo de la figura y sus elementos visibles; sin atribución de marca, etnia ni personaje."
FY.NAV.001,Melchor,Melchor,retained,Nombre previo compatible con la imagen.
FY.NAV.002,Baltazar,Baltazar,retained,Nombre previo compatible con la imagen.
FY.NAV.003,Gaspar,Gaspar,retained,Nombre previo compatible con la imagen.
FY.NAV.004,Bota navideña,Bota navideña,retained,Nombre previo compatible con la imagen.
FY.NAV.005,Reno navideño,Reno navideño,retained,Nombre previo compatible con la imagen.
FY.NAV.006,Muñeco de nieve,Muñeco de nieve,retained,Nombre previo compatible con la imagen.
FY.ÑA.001,,Niña con lápiz y manzana,named,"Nombre descriptivo de la figura y sus elementos visibles; sin atribución de marca, etnia ni personaje."
FY.ÑA.002,,Niña con libro azul,named,"Nombre descriptivo de la figura y sus elementos visibles; sin atribución de marca, etnia ni personaje."
FY.ÑA.003,,Niña con lápiz y cuaderno,named,"Nombre descriptivo de la figura y sus elementos visibles; sin atribución de marca, etnia ni personaje."
FY.ÑA.004,,Niña con vestido rosa,named,"Nombre descriptivo de la figura y sus elementos visibles; sin atribución de marca, etnia ni personaje."
FY.ÑA.005,,Niña sentada leyendo,named,"Nombre descriptivo de la figura y sus elementos visibles; sin atribución de marca, etnia ni personaje."
FY.ÑA.006,,Niña abrazando un lápiz,named,"Nombre descriptivo de la figura y sus elementos visibles; sin atribución de marca, etnia ni personaje."
FY.ÑA.007,,Niña escribiendo,named,"Nombre descriptivo de la figura y sus elementos visibles; sin atribución de marca, etnia ni personaje."
FY.ÑA.008,,Niña con delantal y manzana,named,"Nombre descriptivo de la figura y sus elementos visibles; sin atribución de marca, etnia ni personaje."
FY.ÑA.009,,Niña con brazos abiertos,named,"Nombre descriptivo de la figura y sus elementos visibles; sin atribución de marca, etnia ni personaje."
FY.ÑA.010,,Niña con libros,named,"Nombre descriptivo de la figura y sus elementos visibles; sin atribución de marca, etnia ni personaje."
FY.ÑA.012,,Niña con libro rojo,named,"Nombre descriptivo de la figura y sus elementos visibles; sin atribución de marca, etnia ni personaje."
FY.ÑA.013,,Niña con vestido y diadema,named,"Nombre descriptivo de la figura y sus elementos visibles; sin atribución de marca, etnia ni personaje."
FY.ÑA.014,,Niña graduada,named,"Nombre descriptivo de la figura y sus elementos visibles; sin atribución de marca, etnia ni personaje."
FY.ÑA.015,,Niña con cuaderno y lazo,named,"Nombre descriptivo de la figura y sus elementos visibles; sin atribución de marca, etnia ni personaje."
FY.ÑA.016,,Niña leyendo un libro rojo,named,"Nombre descriptivo de la figura y sus elementos visibles; sin atribución de marca, etnia ni personaje."
FY.ÑA.017,,Niña con cuerda de saltar,named,"Nombre descriptivo de la figura y sus elementos visibles; sin atribución de marca, etnia ni personaje."
FY.ÑA.018,,Niña con overol y lápiz,named,"Nombre descriptivo de la figura y sus elementos visibles; sin atribución de marca, etnia ni personaje."
FY.ÑO.001,,Niño con camiseta roja,named,"Nombre descriptivo de la figura y sus elementos visibles; sin atribución de marca, etnia ni personaje."
FY.ÑO.002,,Niño con libro amarillo,named,"Nombre descriptivo de la figura y sus elementos visibles; sin atribución de marca, etnia ni personaje."
FY.ÑO.003,,Niño con libro en la mano,named,"Nombre descriptivo de la figura y sus elementos visibles; sin atribución de marca, etnia ni personaje."
FY.ÑO.004,,Niño en patineta,named,"Nombre descriptivo de la figura y sus elementos visibles; sin atribución de marca, etnia ni personaje."
FY.ÑO.005,,Niño saludando,named,"Nombre descriptivo de la figura y sus elementos visibles; sin atribución de marca, etnia ni personaje."
FY.ÑO.006,,Niño con overol azul,named,"Nombre descriptivo de la figura y sus elementos visibles; sin atribución de marca, etnia ni personaje."
FY.ÑO.007,,Niño leyendo un libro verde,named,"Nombre descriptivo de la figura y sus elementos visibles; sin atribución de marca, etnia ni personaje."
FY.ÑO.008,,Niño con mochila,named,"Nombre descriptivo de la figura y sus elementos visibles; sin atribución de marca, etnia ni personaje."
FY.ÑO.009,,Niño graduado,named,"Nombre descriptivo de la figura y sus elementos visibles; sin atribución de marca, etnia ni personaje."
FY.ÑO.010,,Niño con balón de fútbol,named,"Nombre descriptivo de la figura y sus elementos visibles; sin atribución de marca, etnia ni personaje."
FY.ÑO.011,,Niño con lápiz,named,"Nombre descriptivo de la figura y sus elementos visibles; sin atribución de marca, etnia ni personaje."
FY.OP.001,,Bombero,named,"Nombre descriptivo de la figura y sus elementos visibles; sin atribución de marca, etnia ni personaje."
FY.OP.002,,Mecánico,named,"Nombre descriptivo de la figura y sus elementos visibles; sin atribución de marca, etnia ni personaje."
FY.OP.003,,Policía con uniforme verde,named,"Nombre descriptivo de la figura y sus elementos visibles; sin atribución de marca, etnia ni personaje."
FY.OP.004,,Enfermera con uniforme blanco,named,"Nombre descriptivo de la figura y sus elementos visibles; sin atribución de marca, etnia ni personaje."
FY.OP.005,,Enfermera con uniforme azul,named,"Nombre descriptivo de la figura y sus elementos visibles; sin atribución de marca, etnia ni personaje."
FY.OP.006,Maestra,Maestra,retained,Nombre previo compatible con la imagen.
FY.OP.007,,Policía con radio,named,"Nombre descriptivo de la figura y sus elementos visibles; sin atribución de marca, etnia ni personaje."
FY.OP.008,,Cocinero,named,"Nombre descriptivo de la figura y sus elementos visibles; sin atribución de marca, etnia ni personaje."
FY.OP.009,,Carpintero,named,"Nombre descriptivo de la figura y sus elementos visibles; sin atribución de marca, etnia ni personaje."
FY.PAQ.001,,Paquete de útiles escolares,named,"Nombre descriptivo de la figura y sus elementos visibles; sin atribución de marca, etnia ni personaje."
FY.PAQ.002,,Paquete de estrellas,named,"Nombre descriptivo de la figura y sus elementos visibles; sin atribución de marca, etnia ni personaje."
FY.PAQ.003,,Paquete de los cinco sentidos,named,"Nombre descriptivo de la figura y sus elementos visibles; sin atribución de marca, etnia ni personaje."
FY.PAQ.004,,Paquete de corazones,named,"Nombre descriptivo de la figura y sus elementos visibles; sin atribución de marca, etnia ni personaje."
FY.PAQ.005,,Paquete de flores,named,"Nombre descriptivo de la figura y sus elementos visibles; sin atribución de marca, etnia ni personaje."
FY.PAQ.006,,Paquete de huellas y huesos,named,"Nombre descriptivo de la figura y sus elementos visibles; sin atribución de marca, etnia ni personaje."
FY.PE.001,,Pez azul y amarillo,named,"Nombre descriptivo de la figura y sus elementos visibles; sin atribución de marca, etnia ni personaje."
FY.PE.002,,Pez verde y rosa,named,"Nombre descriptivo de la figura y sus elementos visibles; sin atribución de marca, etnia ni personaje."
FY.PE.003,,Pez naranja y amarillo,named,"Nombre descriptivo de la figura y sus elementos visibles; sin atribución de marca, etnia ni personaje."
FY.PE.004,,Pez amarillo y verde,named,"Nombre descriptivo de la figura y sus elementos visibles; sin atribución de marca, etnia ni personaje."
FY.PE.005,,Pez azul,named,"Nombre descriptivo de la figura y sus elementos visibles; sin atribución de marca, etnia ni personaje."
FY.PE.006,,Pez naranja con franjas blancas,named,"Nombre descriptivo de la figura y sus elementos visibles; sin atribución de marca, etnia ni personaje."
FY.PER.001,,Oso con vaso,named,"Nombre descriptivo de la figura y sus elementos visibles; sin atribución de marca, etnia ni personaje."
FY.PER.002,,Criatura azul de orejas grandes,named,"Nombre descriptivo de la figura y sus elementos visibles; sin atribución de marca, etnia ni personaje."
FY.PER.003,,Erizo azul,named,"Nombre descriptivo de la figura y sus elementos visibles; sin atribución de marca, etnia ni personaje."
FY.PER.004,,Superhéroe con telarañas,named,"Nombre descriptivo de la figura y sus elementos visibles; sin atribución de marca, etnia ni personaje."
FY.PER.005,,Auto de carreras rojo,named,"Nombre descriptivo de la figura y sus elementos visibles; sin atribución de marca, etnia ni personaje."
FY.PER.006,,Perro con libro,named,"Nombre descriptivo de la figura y sus elementos visibles; sin atribución de marca, etnia ni personaje."
FY.PER.007,,Niño con traje rojo,named,"Nombre descriptivo de la figura y sus elementos visibles; sin atribución de marca, etnia ni personaje."
FY.PER.008,,Gatita con flor,named,"Nombre descriptivo de la figura y sus elementos visibles; sin atribución de marca, etnia ni personaje."
FY.PER.009,,Hada con vestido verde,named,"Nombre descriptivo de la figura y sus elementos visibles; sin atribución de marca, etnia ni personaje."
FY.PER.010,,Perro bombero con cartel,named,"Nombre descriptivo de la figura y sus elementos visibles; sin atribución de marca, etnia ni personaje."
FY.PER.011,,Perro policía con cartel,named,"Nombre descriptivo de la figura y sus elementos visibles; sin atribución de marca, etnia ni personaje."
FY.PER.012,,Perro constructor con cartel,named,"Nombre descriptivo de la figura y sus elementos visibles; sin atribución de marca, etnia ni personaje."
FY.PER.013,,Ratona con lazo rojo,named,"Nombre descriptivo de la figura y sus elementos visibles; sin atribución de marca, etnia ni personaje."
FY.PER.014,,Cara de perro policía,named,"Nombre descriptivo de la figura y sus elementos visibles; sin atribución de marca, etnia ni personaje."
FY.PER.015,,Cara de perro bombero,named,"Nombre descriptivo de la figura y sus elementos visibles; sin atribución de marca, etnia ni personaje."
FY.PER.016,,Cara de perro constructor,named,"Nombre descriptivo de la figura y sus elementos visibles; sin atribución de marca, etnia ni personaje."
FY.RE.001,,Sacerdote,named,"Nombre descriptivo de la figura y sus elementos visibles; sin atribución de marca, etnia ni personaje."
FY.RE.002,,Ángel con alas rosas,named,"Nombre descriptivo de la figura y sus elementos visibles; sin atribución de marca, etnia ni personaje."
FY.RE.003,,Ángel con alas azules,named,"Nombre descriptivo de la figura y sus elementos visibles; sin atribución de marca, etnia ni personaje."
FY.RE.004,,Hombre con túnica,named,"Nombre descriptivo de la figura y sus elementos visibles; sin atribución de marca, etnia ni personaje."
FY.RE.005,,Monja con rosario,named,"Nombre descriptivo de la figura y sus elementos visibles; sin atribución de marca, etnia ni personaje."
FY.RE.006,,Virgen con manto verde,named,"Nombre descriptivo de la figura y sus elementos visibles; sin atribución de marca, etnia ni personaje."
FY.RE.007,Virgen de la Medalla Milagrosa,Virgen de la Medalla Milagrosa,retained,Nombre previo compatible con la imagen.
FY.RE.008,,Virgen con manto azul,named,"Nombre descriptivo de la figura y sus elementos visibles; sin atribución de marca, etnia ni personaje."
FY.RE.009,,Bebé en pesebre,named,"Nombre descriptivo de la figura y sus elementos visibles; sin atribución de marca, etnia ni personaje."
FY.RE.010,María,María,retained,Nombre previo compatible con la imagen.
FY.RE.011,José,José,retained,Nombre previo compatible con la imagen.
FY.TOP.001,,Topper Felicitaciones,named,"Nombre descriptivo de la figura y sus elementos visibles; sin atribución de marca, etnia ni personaje."
FY.TOP.002,,Topper Feliz Día Mamá,named,"Nombre descriptivo de la figura y sus elementos visibles; sin atribución de marca, etnia ni personaje."
FY.TOP.003,,Topper Feliz Cumple,named,"Nombre descriptivo de la figura y sus elementos visibles; sin atribución de marca, etnia ni personaje."
FY.TOP.004,,Topper Feliz Día,named,"Nombre descriptivo de la figura y sus elementos visibles; sin atribución de marca, etnia ni personaje."
FY.VAR.001,,Mazo de juez,named,"Nombre descriptivo de la figura y sus elementos visibles; sin atribución de marca, etnia ni personaje."
FY.VAR.002,,Frasco con pastillas,named,"Nombre descriptivo de la figura y sus elementos visibles; sin atribución de marca, etnia ni personaje."
FY.VAR.003,Identificativos,Identificativos,retained,Nombre previo compatible con la imagen.
FY.VAR.004,,Volcán,named,"Nombre descriptivo de la figura y sus elementos visibles; sin atribución de marca, etnia ni personaje."
FY.VAR.005,,Estetoscopio,named,"Nombre descriptivo de la figura y sus elementos visibles; sin atribución de marca, etnia ni personaje."
FY.VAR.006,,Planeta Tierra en una mano,named,"Nombre descriptivo de la figura y sus elementos visibles; sin atribución de marca, etnia ni personaje."
FY.VAR.007,,Esposas,named,"Nombre descriptivo de la figura y sus elementos visibles; sin atribución de marca, etnia ni personaje."
FY.VAR.008,Ciclo del agua,Ciclo del agua,retained,Nombre previo compatible con la imagen.
FY.VAR.009,,Chaleco de policía,named,"Nombre descriptivo de la figura y sus elementos visibles; sin atribución de marca, etnia ni personaje."
FY.VAR.010,,Botiquín,named,"Nombre descriptivo de la figura y sus elementos visibles; sin atribución de marca, etnia ni personaje."
FY.VAR.011,,Bandera tricolor,named,"Nombre descriptivo de la figura y sus elementos visibles; sin atribución de marca, etnia ni personaje."
FY.VAR.012,,Animal con cartel Feliz Día,named,"Nombre descriptivo de la figura y sus elementos visibles; sin atribución de marca, etnia ni personaje."
FY.VAR.013,,Iglesia,named,"Nombre descriptivo de la figura y sus elementos visibles; sin atribución de marca, etnia ni personaje."
FY.VAR.014,,Mapa del Ecuador,named,"Nombre descriptivo de la figura y sus elementos visibles; sin atribución de marca, etnia ni personaje."
FY.VAR.015,,Casa,named,"Nombre descriptivo de la figura y sus elementos visibles; sin atribución de marca, etnia ni personaje."
FY.VAR.016,Identificativos,Identificativos,retained,Nombre previo compatible con la imagen.
FY.VAR.017,,Cerdo con órganos internos,named,"Nombre descriptivo de la figura y sus elementos visibles; sin atribución de marca, etnia ni personaje."
FY.VAR.018,,Anatomía interna del cerdo,named,"Nombre descriptivo de la figura y sus elementos visibles; sin atribución de marca, etnia ni personaje."
FY.VAR.019,,,pending,"Se ve un corte anatómico parcial, pero no se distinguen con suficiente certeza el animal ni el sistema representado. Se conserva el código."
